INSERT INTO `amenity_packages` VALUES (1,0,0,1,0,0.00),(2,1,0,1,0,0.00),(3,1,1,0,0,25.00),(4,1,1,1,0,25.00),(5,1,0,1,1,0.00);
INSERT INTO `guests` VALUES (1,'Simikka','Leung','123 Main Street','Boston','MA',13688,'5141234567'),(2,'Mack','Simmer','379 Old Shore Street','Council Bluffs','IA',51501,'2915530508'),(3,'Bettyann','Seery','750 Wintergreen Dr.','Wasilla','AK',99654,'4782779632'),(4,'Duane','Cullison','9662 Foxrun Lane','Harlingen','TX',78552,'3084940198'),(5,'Karie','Yang','9378 W. Augusta Ave.','West Deptford','NJ',8096,'2147300298'),(6,'Aurore','Lipton','762 Wild Rose Street','Saginaw','MI',48601,'3775070974'),(7,'Zachery','Luechtefeld','7 Poplar Dr.','Arvada','CO',80003,'8144852615'),(8,'Jeremiah','Pendergrass','70 Oakwood St.','Zion','IL',60099,'2794910960'),(9,'Walter','Holaway','7556 Arrowhead St.','Cumberland','RI',2864,'4463966785'),(10,'Wilfre','Vise','77 West Surrey Street','Oswego','NY',13126,'8347271001'),(11,'Maritza','Tilton','939 Linda Rd.','Burke','VA',22015,'4463516860'),(12,'Joleen','Tison','87 Queen St.','Drexel Hill','PA',19026,'2318932755');
INSERT INTO `room_types` VALUES ('Double',2,4,174.99,10.00),('Single',2,2,149.99,NULL),('Suite',3,8,399.99,20.00);
INSERT INTO `rooms` VALUES (201,'Double',3,0),(202,'Double',1,1),(203,'Double',3,0),(204,'Double',1,1),(205,'Single',4,0),(206,'Single',2,1),(207,'Single',4,0),(208,'Single',2,1),(301,'Double',3,0),(302,'Double',1,1),(303,'Double',3,0),(304,'Double',1,1),(305,'Single',4,0),(306,'Single',2,1),(307,'Single',4,0),(308,'Single',2,1),(401,'Suite',5,1),(402,'Suite',5,1);
INSERT INTO `reservations` VALUES (1,2,'2023-02-02','2023-02-04'),(2,3,'2023-02-05','2023-02-10'),(3,4,'2023-02-22','2023-02-24'),(4,5,'2023-03-06','2023-03-07'),(5,1,'2023-03-17','2023-03-20'),(6,6,'2023-03-18','2023-03-23'),(7,7,'2023-03-29','2023-03-31'),(8,8,'2023-03-31','2023-04-05'),(9,9,'2023-04-09','2023-04-13'),(10,10,'2023-04-23','2023-04-24'),(11,11,'2023-05-30','2023-06-02'),(12,12,'2023-06-10','2023-06-14'),(13,6,'2023-06-17','2023-06-18'),(14,1,'2023-06-28','2023-07-02'),(15,9,'2023-07-13','2023-07-14'),(16,10,'2023-07-18','2023-07-21'),(17,3,'2023-07-28','2023-07-29'),(18,3,'2023-08-30','2023-09-01'),(19,2,'2023-09-16','2023-09-17'),(20,5,'2023-09-13','2023-09-15'),(21,4,'2023-11-22','2023-11-25'),(22,2,'2023-11-22','2023-11-25'),(23,11,'2023-12-24','2023-12-28');
INSERT INTO `room_occupancy` VALUES (1,308,1,0,299.98),(2,203,2,1,999.95),(3,305,2,0,349.98),(4,201,2,2,199.99),(5,307,1,1,524.97),(6,302,3,0,924.95),(7,202,2,2,349.98),(8,304,2,0,874.95),(9,301,1,0,799.96),(10,207,1,1,174.99),(11,401,2,4,1199.97),(12,206,2,0,599.96),(12,208,1,0,599.96),(13,304,3,0,184.99),(14,205,2,0,699.96),(15,204,3,1,184.99),(16,401,4,2,1259.97),(17,303,2,1,199.99),(18,305,1,0,349.98),(19,208,2,0,149.99),(20,203,2,2,399.98),(21,401,2,2,1199.97),(22,206,2,0,449.97),(22,301,2,2,599.97),(23,302,2,0,699.96);

/*Run these two queries to delete the row under safe update mode.*/
SET @target_guest_number = (SELECT guest_number FROM guests WHERE first_name = 'Jeremiah' AND last_name = 'Pendergrass');
DELETE FROM guests g1 WHERE g1.guest_number = @target_guest_number;